{
  "cols": 10,
  "data": {
    "point-0": [
      0.14779874682426453,
      0.11006288975477219,
      0.1037735864520073,
      0.07547169923782349,
      0.04088050499558449,
      0.03773584961891174,
      0.1320754736661911,
      0.11635220050811768,
      0.04088050499558449,
      0.009433962404727936
    ],
    "point-1": [
      0.35849055647850037,
      0.7610062956809998,
      0.6918238997459412,
      0.46704399585723877,
      0.446540892124176,
      0.4643605947494507,
      0.48427674174308777,
      0.40566039085388184,
      0.5031446814537048,
      0.5157232880592346
    ],
    "point-2": [
      0.4874213933944702,
      0.7610062956809998,
      0.5786163806915283,
      0.1729559749364853,
      0.44968554377555847,
      0.8270440101623535,
      0.2515723407268524,
      0.6415094137191772,
      0.75157231092453,
      0.9968553185462952
    ],
    "point-3": [
      0.4874213933944702,
      0.7610062956809998,
      0.5786163806915283,
      0.1729559749364853,
      0.44968554377555847,
      0.8270440101623535,
      0.4591194987297058,
      0.35849055647850037,
      0.349056601524353,
      0.2924528419971466
    ],
    "point-4": [
      0.34025153517723083,
      0.6666666865348816,
      0.5691823959350586,
      0.5597484111785889,
      0.26729559898376465,
      0.2830188572406769,
      0.4591194987297058,
      0.35849055647850037,
      0.349056601524353,
      0.2924528419971466
    ],
    "point-5": [
      0.34025153517723083,
      0.6666666865348816,
      0.276729553937912,
      0.7672955989837646,
      0.43396225571632385,
      0.7798742055892944,
      0.4591194987297058,
      0.35849055647850037,
      0.349056601524353,
      0.2924528419971466
    ],
    "point-6": [
      0.6163522005081177,
      0.6666666865348816,
      0.276729553937912,
      0.49056604504585266,
      0.3522012531757355,
      0.7798742055892944,
      0.5251572132110596,
      0.8616352081298828,
      0.3396226465702057,
      0.36477985978126526
    ],
    "point-7": [
      0.6163522005081177,
      0.6666666865348816,
      0.276729553937912,
      0.49056604504585266,
      0.3522012531757355,
      0.7798742055892944,
      0.7169811129570007,
      0.8616352081298828,
      0.3396226465702057,
      0.36477985978126526
    ]
  }
}
