{
  "cols": 10,
  "data": {
    "point-0": [
      0.8129251599311829,
      0.6414965987205505,
      0.5095499157905579,
      0.3733721971511841,
      0.3608643412590027,
      0.44312170147895813,
      0.5626924633979797,
      0.20748299360275269,
      0.14625850319862366,
      0.24557828903198242
    ],
    "point-1": [
      0.8129251599311829,
      0.6414965987205505,
      0.5095499157905579,
      0.3733721971511841,
      0.3608643412590027,
      0.44312170147895813,
      0.47278910875320435,
      0.5982312560081482,
      0.6525170207023621,
      0.24557828903198242
    ],
    "point-2": [
      0.7244898080825806,
      0.523809552192688,
      0.2689691185951233,
      0.3334933817386627,
      0.13945578038692474,
      0.44312170147895813,
      0.47278910875320435,
      0.5982312560081482,
      0.6525170207023621,
      0.24557828903198242
    ],
    "point-3": [
      0.6054421663284302,
      0.4928571581840515,
      0.33401361107826233,
      0.3844897747039795,
      0.6535322070121765,
      0.9387755393981934,
      0.7069932222366333,
      0.43849533796310425,
      0.17619042098522186,
      0.16326530277729034
    ],
    "point-4": [
      0.6054421663284302,
      0.4928571581840515,
      0.33401361107826233,
      0.3844897747039795,
      0.6535322070121765,
      0.9387755393981934,
      0.14625850319862366,
      0.5249432921409607,
      0.29591837525367737,
      0.054421767592430115
    ]
  }
}
