{
  "cols": 2,
  "data": {
    "point-0": [
      0.5052083134651184,
      0.8518518805503845
    ],
    "point-1": [
      0.1519336998462677,
      0.612582802772522
    ],
    "point-2": [
      1.0,
      0.6589403748512268
    ],
    "point-3": [
      0.5027624368667603,
      0.44701987504959106
    ],
    "point-4": [
      0.3977900445461273,
      0.05298013240098953
    ],
    "point-5": [
      0.03038674034178257,
      0.12251655757427216
    ],
    "point-6": [
      0.2845304012298584,
      0.4668874144554138
    ],
    "point-7": [
      0.6132596731185913,
      0.8112582564353943
    ]
  }
}
