{
  "cols": 2,
  "data": {
    "point-0": [
      0.931654691696167,
      0.9424460530281067
    ],
    "point-1": [
      0.5863309502601624,
      0.7266187071800232
    ],
    "point-2": [
      0.12230215966701508,
      0.13309352099895477
    ],
    "point-3": [
      0.8489208817481995,
      0.15107913315296173
    ],
    "point-4": [
      0.12230215966701508,
      0.8848921060562134
    ]
  }
}
