{
  "cols": 10,
  "data": {
    "point-0": [
      0.5106382966041565,
      0.75,
      0.33510637283325195,
      0.6542553305625916,
      0.6968085169792175,
      0.7234042286872864,
      0.49468085169792175,
      0.2393617033958435,
      0.5904255509376526,
      0.3085106313228607
    ],
    "point-1": [
      0.7978723645210266,
      0.8404255509376526,
      0.28723403811454773,
      0.4414893686771393,
      0.43617022037506104,
      0.664893627166748,
      0.9308510422706604,
      0.5744680762290955,
      0.2978723347187042,
      0.41489362716674805
    ],
    "point-2": [
      0.5106382966041565,
      0.75,
      0.33510637283325195,
      0.6542553305625916,
      0.6968085169792175,
      0.7234042286872864,
      0.49468085169792175,
      0.2393617033958435,
      0.5904255509376526,
      0.3085106313228607
    ],
    "point-3": [
      0.5106382966041565,
      0.75,
      0.33510637283325195,
      0.6542553305625916,
      0.6968085169792175,
      0.7234042286872864,
      0.49468085169792175,
      0.2393617033958435,
      0.5904255509376526,
      0.3085106313228607
    ],
    "point-4": [
      0.6329787373542786,
      0.26595744490623474,
      0.43617022037506104,
      0.5531914830207825,
      0.4414893686771393,
      0.4202127754688263,
      0.35638296604156494,
      0.3723404109477997,
      0.3297872245311737,
      0.3191489279270172
    ]
  }
}
