{
  "cols": 2,
  "data": {
    "point-0": [
      0.5419847369194031,
      0.8430232405662537
    ],
    "point-1": [
      0.17938931286334991,
      0.2616279125213623
    ],
    "point-2": [
      0.5114504098892212,
      0.44186046719551086
    ],
    "point-3": [
      0.8167939186096191,
      0.34302327036857605
    ],
    "point-4": [
      0.9618320465087891,
      0.0058139534667134285
    ]
  }
}
