{
  "cols": 10,
  "data": {
    "point-0": [
      0.563829779624939,
      0.7659574747085571,
      0.75,
      0.5372340679168701,
      0.5372340679168701,
      0.46276596188545227,
      0.6329787373542786,
      0.23404255509376526,
      0.4095744788646698,
      0.03723404183983803
    ],
    "point-1": [
      0.563829779624939,
      0.7659574747085571,
      0.75,
      0.5372340679168701,
      0.5372340679168701,
      0.46276596188545227,
      0.75,
      0.14361701905727386,
      0.39361703395843506,
      0.5372340679168701
    ],
    "point-2": [
      0.563829779624939,
      0.7659574747085571,
      0.75,
      0.5372340679168701,
      0.5372340679168701,
      0.46276596188545227,
      0.75,
      0.8617021441459656,
      0.32446807622909546,
      0.04787234216928482
    ],
    "point-3": [
      0.563829779624939,
      0.7659574747085571,
      0.75,
      0.5372340679168701,
      0.5372340679168701,
      0.46276596188545227,
      0.75,
      0.8617021441459656,
      0.32446807622909546,
      0.8031914830207825
    ]
  }
}
