{
  "cols": 2,
  "data": {
    "point-0": [
      0.4770992398262024,
      0.9069767594337463
    ],
    "point-1": [
      0.1564885526895523,
      0.3604651093482971
    ],
    "point-2": [
      0.8320610523223877,
      0.3604651093482971
    ],
    "point-3": [
      0.9312977194786072,
      0.1860465109348297
    ]
  }
}
